commiter,percent
AAjayiB,13.157894736842104
tomztz,76.31578947368422
FrontRowWithJ,7.894736842105263
Alantrivandrum,2.631578947368421